aberdeen proving ground md
aberdeen proving grounds md
aberdeen sd
aberdeen wash
abilene ks
abilene tex
abington pa
acton mass
ada ok
ada okla
adelphi md
adrian mich
akron
akron o
akron oh
akron ohio
alabama
alameda ca
alamo ca
albany
albany n y
albany new york
albany ny
albion id
albion mich
albuquerque
albuquerque nm
alburg vt
alexandria va
alexandria va usa
algonac mich
alise viejo ca
allentown pa
allison park pa
alpharetta ga
altadena calif
ambler pa
americus ga
ames ia
ames iowa
amherst
amherst ma
amherst ma usa
amherst mass
amherst wis
amhurst mass
amsterdam new york
anaheim
anaheim calif
anandaleonhudson ny
anchorage
anchorage alaska
anderson in
anderson s c
andover mass
angola ind
ann arbor
ann arbor mi
ann arbor mich
ann arbor mich arbordale dr ann arbor
ann arbor mich pc
ann arbor mich usa
ann arbor michigan
ann arbormich
annandale va
annandale va georgian way annandale
annandale va guinevere dr annandale
annandale va linda lane annandale
annandaleonhudson n y
annandaleonhudson ny
annapolis
annapolis junction md
annapolis maryland
annapolis md
anniston al
anniston ala
annville pa
apollo pa
appleton wis
appomattox va cone st appomattox
ardmore pa
ardmore pa e n st georges apts mill creek rd ardmore
ardmore tenn
argonne ill
arkadelphia ark
arlington
arlington hall station va
arlington heights ma
arlington mass
arlington tex
arlington tx
arlington va
arlington va n nash st apt arlington
armonk new york
armonk ny
armonk ny usa
arnaudville la
arrowsic me
arroyo grande ca
ashburn va ginghamsburg pl ashburn
asheboro nc
asheville nc
asheville nc usa
ashland oh
ashland ohio
ashland or black oak way ashland
assinippi park norwell ma usa
astoria ny
athens ga
athens ga dearing st athens
athens ohio
atlanta
atlanta ga
atlanta ga box atlanta
atlanta ga mill trace dr atlanta
atlanta ga po box atlanta
atlanta georgia
atlantic highland nj
atlantic highlands nj
atlantis fla
auburn ala
auburn n y
auburn ny
auburn wash
augusta ga gary dr augusta
augusta me
aurora co
aurora co s parker rd suite aurora
aurora colo
aurora ill
austin
austin ga
austin tejas
austin tex
austin tex usa
austin texas
austin tx
avenel nj
avondale md
bainbridge ga
bakersfield calif
bala cynwyd pa
baldwin ny
baldwin wi
balimore md
baltimore
baltimore maryland
baltimore md
baltimore md n calvert st baltimore
baltimore md n calvert st baltimore md
baltimore md rossiter ave baltimore
baltimore md water st baltimore
baltimore n calvert st baltimore
baltimore water st baltimore
baltimore water st baltimore md
bandon or
bangor me
bangor pa
banning calif
bantam conn
bar harbor me
bardenton fl
barre mass
barrington il
barrow alaska
barrytown ny
bartlesville ok
basalt co
baton rouge
baton rouge la
battle creek
battle creek mich
bay st louis miss
beaumont tx
bedford ma
bel air md
belleville ill
bellevue
bellevue wa
bellevue wash
bellingham wash
bellingham wash usa
bellingham washington
bellowsfalls vt
belmont ca
belmont calif
belmont ma
belmont nc usa
beloit wis
beltsville md
benton harbor mi
bergenfield nj
berkeley
berkeley ca
berkeley cailf
berkeley cal
berkeley calif
berkeley california
berkeley university of california press
berkeleylos angeles
berkely calif
berkley
berkley calif
berkley heights nj lenape lane berkley heights
berne ind
berrien springs mich
berryville va
berwyn
berwyn pa
bessemer city nc rt box a bessemer city
bethany conn
bethel alaska
bethelem pa
bethesada md
bethesda
bethesda md
bethesda md alta vista rd bethesda
bethesda md blacklock rd bethesda
bethesda md denton road bethesda
bethesda md usa
bethesda md winterberry pl bethesda
bethesda md winterberry place bethesda
bethesday md
bethlehem pa
beverley hills ca
beverly hills
beverly hills ca
beverly hills calif
beverly hills calif north beverly dr beverly hills
beverlyhills
big sur ca
billerica ma
billings mont
billings mt
binghamton n y
binghamton ny
birmingham al
birmingham ala
bishop hill ill
blacksburg va
blackstone va
blair neb
blanchester ohio
blauvelt ny
bloomfield hills mi tiverton road bloomfield hills
bloomfield hills mich
bloomfield mo
bloomington
bloomington ill
bloomington in
bloomington ind
bloomington minn
bloomingtonindianapolis
blue earth minn
blue mountain lake ny
blue ridge summit pa
bluefield w va
boca raton
boca raton fl
boca raton fla
boca rotan fl
boerne tex
boise
boise idaho
bolder
bolinas ca
bolinas calif
bonita springs fl
boons camp ky hcr box boons camp
boonville mo
bost
boston
boston by chahanticleer press
boston c schoenhof
boston crockerbrewster
boston ginn company
boston in n e
boston j hayward
boston ma
boston mass
boston new york
boston o clapp
boston ohio
boston saxton pierce
boston u s a
boston university press
boston usa
bostoniae
bostonnew york
boulder
boulder co
boulder co social science monographs
boulder col
boulder colo
boulder colo code d broadway boulder colo
boulder colo et al
boulder colorado
boulder creek calif
bouldercolo
bountiful utah
bountiful utah s main st bountiful
bourbonnais il stonewall dr bourbonnais
bowie md easthaven ct bowie
bowling green fl himrod road bowling green
bowling green ky
bowling green oh
bowling green ohio
boyne city mich
boynton beach fl
bozeman mont
bradenton fl
bradenton fla
brandon fl e bloomingdale suite brandon
brandon tex
brattleboro vt
brentwood tenn
bridgehampton ny
bridgeport conn
bridgeport ct
bridgeport ny north road bridgeport
bristol pa
bristol pa usa
broadway va
brockport n y
brockport ny
broken arrow ok
bronx ny
bronxville
brookfield
brookfield center conn
brookfield ill
brookfield mass
brookfield us
brookfield usa
brookfield vt
brookfield vt usa
brookline
brookline ma
brookline mass
brooklyn
brooklyn mich
brooklyn n y
brooklyn ny
brooks air force base tex
brownsville or
brulin nu yor
brunswick ga player st brunswick
bryn athyn pa
bryn mawr pa
buena park ca
buffalo
buffalo n y
buffalo ny
burdett ny
burkeville tx
burlingame calif
burlington ia
burlington ma
burlington nj
burlington vt
burr ridge il
burr ridge ill
butler pa thorn run road butler
cadwell illinois
caldwell id
caldwell idaho
calefornia usa
calexico calif
calif
california
callaway va
cambride mass
cambridge ma
cambridge ma usa
cambridge mass
cambridge mass mit press
cambridge mass usa
cambridge massachusetts
cambridge massachusetts institute of technology project mac
cambridge mn
cambridge usa
camden me
camden n j
camden nj
cameron mo
campbell calif
canbury nj
canoga park ca
canton ca
canton il
canton ma
canton mass
canton mass usa
canton me
canton ny
canton o
cantril ia
carbondale
carbondale il
carbondale ill
cardiff by the sea ca
cardiff ca
carlisle barracks pa
carlisle pa
carlisle penn
carlsbad california
carmel ca
carmel calif
carmel ind
carrboro nc
carrison ny
carson ca
carson ca books nippan distributor
carson calif
carson city nev
cartersville ga
cary nc
casper wy
castle rock colo
castleton ny
castleton vt
catonsville md
catskill ny
cedar rapids ia
cedar rapids iowa
cedarburg wi
celina oh
centreville md
chadds ford pa
chambersburg pa
champaign il
champaign ill
champaign ill sole selling agent mark foster music co
chapel hill
chapel hill n c
chapel hill nc
chapel hill nc usa
chappaqua ny
chappaqua ny po box chappaqua
charleston
charleston s c
charleston sc
charleston w va
charlestown
charlestown ma
charlevoix mich
charlotte nc
charlotte nc brief rd charlotte
charlotte vt
charlottesville
charlottesville distributed by the university of virginia press
charlottesville va
charlotteville va
charlottsville
chatsworth ca
chattanooga tn
chautauqua
chautauqua ny
chebeague island me
cheboygan mich
cheektowaga ny
chelmsford mass
chelsea mi
chelsea mi po box chelsea
chelsea mich
cherokee nc
cherry hill nj
cherry hill nj palmwood ave cherry hill
cherry valley ny
chester conn
chester ct
chester springs pa
chesterfield mass
chestnut hill mass
chevy chase md
cheyenne wyo
chic
chicago
chicago east delaware pl c chicago
chicago il
chicago il n dayton st chicago
chicago ill
chicago ill american theological library association
chicago ill usa
chicago ills
chicago new york
chicago sc
chicago the spectator company
chicagoetc
chico ca
chico calif
chikago
china lake calif
choctaw okla
cincinati
cincinnati
cincinnati cranston stowe
cincinnati hw derby
cincinnati o
cincinnati oh
cincinnati oh po box cincinnati
cincinnati ohio
cincinnati ohio distributed by north light books
cincinnati ohio edgewood ln cincinnati
cincinnatietc
cincinnatti
cinicinnati
claremont
claremont ca
claremont calif
claremont nh
clarks summit pa w grove ave clarks summit
clearwater fl
cleveland
cleveland ga
cleveland o
cleveland o jewett proctorworthingtonetc
cleveland oh
cleveland ohio
cliff nm
clifton forge va
clifton park ny
clinton ny
clinton wash
clovis ca
coconut grove fla
cohasset mass
coldwater mi
coldwater miss
colfax nc
colfax nc po box cilfax
college park
college park md
college station
college station tex
collegeville
collegeville minn
collinsville il
colonial williamsburg
colorado
colorado springs
colorado springs co
colorado springs co w old farm circle colorado springs
colorado springs col
colorado springs colo
columbia city ind
columbia la usa
columbia md
columbia md dry barley lane columbia
columbia mo
columbia oh
columbia pa
columbia s c
columbia sc
columbia sc box columbia
columbia sc college of engineering university of south carolina columbia
columbus
columbus ga
columbus o
columbus oh
columbus oh riverside drive columbus
columbus ohio
columbus ohio usa
columbus ohio wexner center for the arts
comanche okla
concord
concord ca
concord ma
concord ma buttricks hill rd concord
concord mass
concord n h
concord nh
conn
conroe tex
conroe tx n san jacinto st conroe
conshohocken pa
converse in
conway ar
conway ark
cookeville tenn
coolville oh
cooperstown ny
copenhagen
copenhagen denmark
coral gables fla
coral gables fla usa
coral gables florida
coral springs fla
corning ny
coronado ca first st coronado
corpus christi tex
corpus christi tx
corpus christi tx bretshire dr corpus christi
corte madera ca
corte madera calif
corvallis
corvallis or
corvallis or distributed by osu extension service sea grant marine advisory program
corvallis ore
corvallis oreg
costa mesa calif usa
cotsa mesa ca
council on east asian studies harvard university
covela ca
covelo ca
covelo calif
covington ga
covington ky
cranberry nj
cranbury nj
cranbury nj associated university presses
cranbury nj usa
cranbury ny
cranesville pa
cranston ri
crawfordsville ind
cresskill nj
cromwell conn
crotononhudson ny
crystal lake il po box crystal lake
cullman al
cullman ala
cullman ala po box cullman
culver city calif
cumnor va
cupertino ca
cupertino calif usa
custer wa
cutchogue ny
cynthiana ky
dahlgren va
dakota il po box dakota
dallas
dallas tex
dallas texas
dallas tx
dallas tx deloache dallas
dallas university of texas at dallas
damascus md
danbury conn
danbury ct
danbury nh
danvers ma
danville ca live oak dr danville
danville ill
danville ky
darien conn
dartmouth college press
davenport
davidson nc
davis
davis calif
dayton oh
dayton ohio
daytona beach
dc
de kalb
de kalb ill
de ruyter ny
dearborn mi
dearborn mich
dearborn michigan
decatur ga
decorah ia
decorah iowa
deep river
deep river conn
deephaven mn
deer park ny
deerfield ma
deerfield mass
dekalb
dekalb il
dekalb ill
del mar ca
delaware
delaware oh w winter st delaware
delaware ohio
delaware ohio usa
delaware university of delaware library
delaware water gap pa
delmar ny
delray beach fla
denton tex
denver
denver co
denver co e virginia ave denver
denver col
denver colo
denver colo po box denver federal center denver attn
dept of the treasury
des moines
des moines ia
des moines iowa
des plaines il
des plaines ill
desert hot springs ca dillon rd desert hot springs
detoit mich
detroit
detroit mi
detroit mich
detroit mich wyoming detroit
detroit michigan
dewitt ny
dix hills ny
dobbs ferry
dobbs ferry n y
dobbs ferry ny
doraville ga
dover de
dover del
dover mass
dover n h
dover nh
dovern h
downers grove ill
doylestown pa
doylestown pa s shady retreat rd doylestown
dragoon ariz
dryden ny
dublin ga
dublin ohio
dubuque
dubuque ia
dubuque iowa
dudley ma
dudley mass
duke university press
dulles va
duluth
duluth minn
duluth mn
duluth usa
dumas tx
duncan okla
dundee oh
dunn loring va
dupage ill
durham n c
durham nc
durham nh
e sandwich mass
earleville md
east brunswick nj
east hampton ny
east haven conn
east haven ct
east lansing
east lansing mi
east lansing mich
east northfield mass
east norwalk conn
east palestine ohio
east rutherford nj
east sandwich ma
east setauket ny
east stroudsburg pa
eastchester ny
easthampton ma
easton md
easton md locust grove rd easton
easton pa
eatonville fla
eau claire wis
eden nc trogdon dr eden
edina minn
edinburg tex
edison nj
effingham ks
el cajon ca
el cajon calif
el cerrito ca
el monte calif
el paso tex
el paso tx
el segundo calif
elgin ill
elizabeth co
elizabeth new jesey
elizabeth nj
elk grove ill
elk grove village il
elk grove village ill
elkhart in
ellenville ny
ellenwood ga
ellicott city md centennial ln ellicott city
elmhurst il
elmhurst ny
elmira heights ny
elmsford n y
elmsford ny
elmsford ny usa
emerson nj
emeryville ca
emeryville calif
emeryvilled ca
emmaus pa
emmaus penn
emmitsburg md
emory ga
empire mich
emporia kan
endicott ny
enfield nh
englewood cliffs
englewood cliffs n j
englewood cliffs nj
englewood cliffs ny
englewood co
englewood colo
englewood fl
englewood nj
englewood wj
enid ok sissortail enid
enon oh
enterprise or
ephrata pa springville road ephrata
essex conn
essex junction vt
ethel la highway east ethel
eugene
eugene or
eugene ore
evanston
evanston il
evanston ill
evanston illinois
evanston wy
evanstown il
evansville in
evansville in south colony road evansville
evansville ind
ew york
ewing nj
exeter n h
exeter nh
exton pa
faifax va
fairbanks
fairbanks alaska
fairfax va
fairfield ca
fairfield ca chestnut dr fairfield
fairfield conn
fairfield pa robin trail fairfield
fairport ny
fairview nj
fairview park ohio
fallon nv po box fallon
falls church va
falls church va ellis court falls church
far hills nj
fargo nd
faribault minn
farmington hills mi
farmington ma
farmington mich
fayetteville
fayetteville ar
fayetteville ark
fayetteville nc
fayetteville ny
fernandina beach fl
fernandina fl
ferriday la
ferry n y
filadelfia
filiadelfiia
flagstaff az
florence mass
florida
flushing ny
folcroft pa
fond du lac wis
fontana calif
fontana wis
forest grove or
forest grove ore
forestville ca
fort belvoir va
fort collins colo
fort dodge ia
fort eustis va
fort george g meade md
fort lauderdale
fort lauderdale fl
fort lauderdale fla
fort leavenworth kan
fort leavenworth ks
fort lee n j
fort lee nj
fort lee va
fort lesley j mcnair washington
fort leslie j mcnair washington
fort loudon pa
fort meade md
fort monroe va
fort myers beach fl bay beach lane unit f fort myers beach
fort pierce fl wyoming ave fort pierce
fort rucker al
fort sam houston texas
fort scott kan
fort sill okla
fort washington ny
fort washington pa
fort wayne
fort wayne in
fort wayne ind
fort worth
fort worth tex
foster city ca
foster city ca usa
framingham ma eaton rd framingham
framington ma
frankfort ken
frankfort ky
frankfurt a m
frankfurt am main
franklin ind
franklin nc
franklin nc ruby mine rd franklin
franklin o
franklin tn
frederick md
fredericksburg ohio
fredericksburg vir
fredericton nb
fredonia ny
fredricksburg va
fremond ca
fremont ohio
fresh meadows ny
fresno
fresno ca
fresno ca east brighton lane fresno
fresno ca po box fresno
fresno calif
fries va po box fries
frostburg md victoria lane frostburg
ft atkinson wi monroe st ft atkinson
ft belvoir va
ft bragg calif
ft george g meade md
ft lauderdale fla
ft myers fl
ft walton beach fla
ft wayne in
ft wayne in thoreau ave ft wayne
fullerton calif
gadsden ala
gainesville
gainesville fl
gainesville fla
gainsville fl
gaithersburg
gaithersburg md
gaithersburg md p o box gaithersburg
gaithersburg md po box gaithersburg
gaithersburg md po box gaithersburg the office distributor
gaithersburg md usa
gales ferry ct
galva kansas
galveston tex
gambrills md po box gambrills
garden city
garden city kan
garden city n y
garden city new york
garden city ny
garden city pub
garden city publishing company
garden ny
gardena ca
gardena calif
gardiner me
garland tx
garrett ky
garrett park md
garrison n y
garrison ny
gary ind
gaston sc
gaylordsville conn
geneva ny
georgetown de
georgetown ky
georgetown tex
georgetown tex usa
georgetown tx
germantown pa
germantown tenn
gettysburg pa
ghent ny
gillette nj
gilmantown nh
gilmer tx elizabeth st gilmer
gilroy ca violet way gilroy
gilroy cal
glasgow ky finney road glasgow
glassboro nj
glen burnie md
glen cove ny
glen ellen calif
glen rock nj
glencoe ill
glendale ca
glendale calif
glenview ill
glosderry sa
gloucester ie rockport mass
gloucester ma
gloucester mass
glouchester mass
glouchester massachusetts
glynco ga
gold beach oregon
golden co
golden colo
golden colo cole boulevard golden colo
government camp or
grand forks nd
grand haven mi grand ave grand haven
grand haven mich
grand marais mich
grand rapid mich
grand rapids
grand rapids mi
grand rapids mich
grand rapids michigan
grandbury tex corto dr grandbury
grantham nh
grantville ga
granville o
grapevine tx
grawn mi
great barrington ma
great barrington mass
great falls mont
great neck
great neck ny
greeley co
green bay wis
green city mo
green city mo n west st green city
greenbelt md
greenbrae ca
greenbrae calif
greenfield center ny
greensboro
greensboro nc
greensburg pa
greenville miss
greenville sc
greenville tex
greenwich conn
greenwich ct
greer sc
grinnell
grinnell ia
grosse ile
grosse pointe farms mich
grosse pointe mich
groton mass
gt barrington mass
guilford conn
gulf breeze fl sandside dr gulf breeze
gulf breeze fla
hackensack nj
haddam ct po box saybrook rd haddam
haddon heights nj
hagerstown md
hamden conn
hamden conn westwood rd hamden
hamden ct westwood rd hamden
hamilton n j
hamilton nj
hamilton ny
hamilton ny gallery association of new york state
hampton falls nh
hampton va
hamtramck mi
hancock mich
hanover md
hanover n h
hanover new hampshire
hanover nh
hanover nh usa
hanover nh usa po box a hanover
harbert mich
harbor city ca w koleeta dr harbor city
harbor springs mich
hardy ark
hardy arkansas
harleysville pa
harmans md
harpers ferry w va
harris hall northwestern university
harrisburg
harrisburg pa
harrison ny
harrison o
harrisonburg va fort lynne harrisonburg
hartford
hartford conn
hartford conn american publishing company
hartford vt
hartfordconn
hartsville
harvard
harvard mass
harvard university press
hastings ok
hatboro pa
hatfield hertfordshire
hattiesburg miss
hattiesburg ms
haven conn
haverford pa
haverford pa darby road haverford pa
havertown pa
hawaii
hawthorne nj
hazlehurst ga
heathsville va rt heathsville
helena
helena mont
helena mt
hemet ca
hempstead ny
hendersonville nc
hendersonville nc cove loop road hendersonville
herndon va
hershey pa
hertford
hettinger nd
hewlett ny
hickam air force base hawaii
hickory nc
higganum conn
high museum of art
high point nc
highland lakes
highland lakes new jersey
highland lakes nj
highland lakes nj atlantic researchpublications
highland park ill
highlands nc
hilldale nj
hillsboro kansas
hillsboro or
hillsboro ore
hillsborough nc
hillsdale mich
hillsdale n j
hillsdale nj
hillsdale ny
hillside nj
hilton head island sc
hilton head island sc seabrook dr hilton head island
hilton ny parma center rd hilton
hingham
hingham ma
hingham ma usa
hingham mass
hingham mass usa
hinsdale ill
hobart ind
hobe sound fl po box hobe sound
hoboken
hoboken n j
hoboken nj
hoboken nj usa
holland mich
hollister ca
hollywood
hollywood ca
hollywood calif
hollywood md judy court hollywood
holmes beach fl po box holmes beach
holmes pa
holyoke mass
homewood ill
honesdale pa
honolulu
honolulu hawaii
honolulu hi
honoulu
hopewell nj
hopkins sc
houghton
houghton mich
houston
houston tecx
houston tex
houston tex usa
houston texas
houston tx
houston tx sagecountry houston
howell mich
hudson mich
hudson oh
hudson ohio
huntington beach ca
huntington calif
huntington cambs
huntington ma allen coit rd huntington
huntington ny
huntington ny usa
huntington park ca
huntington w va
huntsville al hewitt st huntsville
huntsville ala
huron sd
hyattsville md
hyde park ny
hygiene colo
idaho falls id
idaho falls idaho
ie east lansing
ie new york
imperial beach ca
in nebraska
independence mo
indiana
indiana ind
indiana pa
indianapolis
indianapolis in
indianapolis in usa
indianapolis ind
indianapolis indiana
indiannapolis
indianpolis
indianpolis ind
interlaken ny
inverness fl n berlin point inverness
inverness fl n horse prairie rd inverness
inverness fla
iowa
iowa city
iowa city iowa
irvine
irvine ca
irvine ca royce rd irvine
irvine calif
irvine ky
irvington ny
irvingtononhudson ny
irwin pa
itahca ny
itchaca ny
ithaca
ithaca n y
ithaca new york
ithaca ny
ithica ny
ivyland pa wilson ave ivyland
jackson
jackson ga
jackson miss
jackson ms
jackson tenn
jacksonville beach fl
jacksonville fl
jacksonville fl deerwood pointe jacksonville
jacksonville fla
jacksonville ill
jaffrey nh
jamaica ny
jamaica plain mass
jamestown nc
janesville wis
jasper tex
jefferson nc
jericho ny
jersey city
jersey city nj
jerusalem
jerusalem israel
jessup md
joliet
joliet ill
joplin
joplin mo
jordanville ny
juneau
juneau alaska
juno beach fl bowood rd juno beach
jupiter fl n us hwy
jupiter fl village circle jupiter
kalamazoo mi
kalamazoo mich
kalispell mt
kaneohe hawaii
kansas city
kansas city mo
kansas city mo e nd st kansas city
kansas city mo nw th street kansas city
kansas city mo oak st kansas city
kbenhavn los angeles
kearneysville wv
kearneysville wva
keene ny
kendall park nj
kenmore ny
kennebunk me
kennesaw ga
kennesaw ga foxvale cove kennesaw
kennett square pa
kenosha wi
kenosha wisc
kensington ca
kensington ca ocean view ave kensington ca
kensington calif
kensington calif distributed by sbd small press distribution
kensington md farragut ave kensington
kent ohio
kenton ok
kerrville tx
kettering oh
kinderhook ny
king of prussia pa
king salmon alaska
kingsport tn
kingston ma
kingston ri
kirksville mo
kirksville mo usa
kirkwood mo
klingerstown pa
kneohe hawaii
knoxville
knoxville tenn
knoxville tn
konawa ok
koyukuk alaska
krotona
krotona calif
kutztown pa
la conner wash
la crosse wi
la crosse wi denton st la crosse
la crosse wis
la grande or
la grange park ill
la habra ca
la habra calif
la jolla
la jolla ca
la jolla cal
la jolla calif
la laguna
la salle ill
laconia nh
lacrosse wis
lafayette
lafayette calif
lafayette in
lafayette la
laguna beach calif
laguna beach calif catalina st laguna beach
laguna hills ca atherton laguna hills
laguna hills ca usa
laie hawaii
lake bluff il
lake havasu city az
lake placid club ny
lake tahoe calif
lake worth fl
lake worth fla
lakeland fla
lakeside ca beechtree st lakeside
lakeville ct
lakewood co
lakewood col
lakewood colo
lakewood nj
lamesa tex po box lamesa
lamont ill
lanahm md
lancaster calif
lancaster mass
lancaster ohio
lancaster pa
lancaster paithaca ny
lancaster pennsylvania
lancester pa
lancster pa
landisville pa
langley air force base va
langley field va
langley park va
lanham maryland
lanham md
lansing
lansing mi
lansing mich
larchmont ny
largo fla
larkspur calif
las colinas tex
las cruces nm
las vegas
las vegas nev
las vegas nv
las vegas nv roseridge ave las vegas
latham md
laurel md
lavergne tn
lawndale ca
lawrence
lawrence kan
lawrence kan po box lawrence orders to allen press
lawrence kan usa
lawrence ks
lawrenceville ga blazing ridge west lawrenceville
lawrenceville nj
lawrenceville va
lawson lane oklahoma city
layton ut
layton utah
league city tx claiborne league city
leamington spa warwickshire
leawood kan
lebanon nh
leeds mass
leesburg fl
leesburg fla oak alley leesburg
leesburg va
leland mi
lemont ill
lenexa kan
lenexa ks
lenexa ks park lenexa
lenoir nc
lenox mass
leola pa
lewellen ne
lewisberg pa
lewisburg
lewisburg nj
lewisburg pa
lewisburg penn
lewiston idaho
lewiston me
lewiston ny
lewiston ny usa
lewisville tex
lexington ky
lexington ky clays mill lexington
lexington ma blossom st lexington
lexington mass
lexington va
lexington va overhill dr lexington
liberty mo
liburn ga
lie hawaii
lihue hawaii
lilburn ga
lincoln
lincoln il
lincoln mass
lincoln ne
lincoln neb
lincoln nebraska
lincoln university pa
lincoln va
lincolnwood ill usa
lippincott company
lisle il
lithonia ga po box lithonia
little rock ar
little rock ark
littleton mass
littleton mass psg
livermore ca
livermore calif
liverpool ny
livingston n y
locust valley ny
logan utah
lond island city ny
long beach
long beach ca
long beach calif
long island city ny
long island ny
long lake ny
longmont co
los alamitos ca
los alamitos ca los vaqueros circle los alamitos
los alamitos ca usa
los alamitos calif
los alamos nm
los altos ca
los altos ca university ave los altos
los altos calif
los anchels
los andzsheles
los angeles
los angeles ca
los angeles cal
los angeles calif
los angeles calif usa
los angeles ie thousand oaks calif
los angeles institute for child advocacy
los angeles kosmon press
los angeles san francisco
los angeles wilshire blvd los angeles
los angels
los angleles
los angles calif
los anjeles
louisville
louisville colo
louisville ky
louisville ky ginger rd louisville
loveland colo
loveland oh
lowell
lowell ma
lowell mass
lower salem o
loxley al
lubbock tex
lumberville pa po box lumberville
lunenburg vt
lynchburg va
lynchburg va madison street lynchburg
lynn mass
macdill afb fl
mackinac island
mackinaw city mich
macon ga
madera calif
madision miss
madison
madison conn
madison ga
madison nj
madison wi
madison wis
madison wis buffalo trail madison
madison wisc
madisonteaneck nj
mahwah nj
malden ma
malden mass
malibu
malibu calif
malvern pa
mammoth lakes calif
manchester n h
manchester new hampshire
manchester nh
manchester vt
mandeville la
manhattan beach
manhattan kan
manitowoc wi gjerpen lane manitowoc
mankato minn
manlius ny
maplewood nj
marblehead mass
marceline mo
marietta ga
marietta ga brookview drive marietta
marietta ga fields pond dr ne marietta
marlow ok
marquette mich
marshall
marshall mn
marshfield mass
maryknoll ny
maryknoll ny usa
maryland
mason ohio
mass
materials park oh
materials park ohio
materials park ohio usa
mattituck ny
maurertown va
maxwell afb ala
maxwell air force base ala
maxwell air force base alabama
maxwell ala
maynard mass
mcalester ok
mclean va
mclean va greensboro dr mclean
mclean va usa
mclean virginia
meadville pa
meadville penna
mechanicsburg pa
mechanicsburg penn
medford ma
medford mass
medford nj
media pa
media pa meredith dr media
melbourne fl
melville ny
memphis
memphis art museum of the university of memphis
memphis tenn
memphis tn
mena ar
mena ark
menasha wi
menasha wis
menasha wis george banta publishing co
mendocino calif
menlo park
menlo park ca
menlo park calif
mercier press
meredith nh
meriden conn
merrick ny
mesa ariz
mesa az
metals park ohio
metals park ohio usa
metuchen nj
miami
miami beach fla
miami fl
miami fla
mich
michigan
michigan city ind
michigan department of public health center for health promotion
michigan state university agricultural economics department
middleburg heights oh usa
middlebury vt
middleton wi
middletown conn
middletown nj
midland mi cresent dr midland
midland tex
midvale utah
mifflinburg pa rt box mifflinburg
milan kan
milford de primehook rd milford
mill city calif
mill valley calif
millbrook ny
millburn nj
millersburg oh
millerton ny
millertown ny
millwood ny
millwood va
milroy pa
milwauke wisc
milwaukee
milwaukee wi
milwaukee wis
milwaukee wis n shepard ave milwaukee
milwaukee wisc
milwaukie
milwaukie or
milwaukie sic
mineola ny
minneapolis
minneapolis min
minneapolis minn
minneapolis minn distributed by rockbottom books
minneapolis mn
minneapolis nm
minneapolis og
minnetonka mn
mishawaka ind
mission viejo ca
missoula mont
missoula mt
missouri
mitchellville md lottsford rd mitchellville
modesto ca
moffett field calif
monmouth or
monroe me
monroe nc
monroe ny
monroe or
monroe wi
monrovia calif
monsey ny
montclair nj
monterey ca
monterey cal
monterey calif
montgomery al
montgomery ala
montgomery il
montgomery ind
montgomery village md dellcastle rd montgomery village
montpelier vt
montvale nj
moorestown n j
moorestown nj
moorhead minn
moorhead mn
moose lake minn
morelia mich
morgantown
morgantown w va
morgantown wv
morningside heights ny
morrisania ny
morristown nj
morrisville nc
moscow idaho
mount carmel israel
mount kisco ny
mount morris ill
mount sterling ky crescent dr mount sterling
mount vernon o
mountain home ar
mountain view ca
mountain view cal
mountain view calif
mountain view california
mountainville ny
mountlake terrace wa
mt airy md
mt pleasant mich
mt rainier md
mt san angelo sweet briar va
mt vernon in
murray hill nj
murray ut
murrieta ca
murrieta ca via jalapa murrieta
muscatine ia
muscatine iowa
muskegon mi
muskegon mich
myersville md
n palm beach fl yacht club drive apt n palm beach
n tazewell va
n y
n york
naco ariz
nanuet ny
napa ca
napa calif
naperville il
naperville il arlington ave naperville
naperville ill
naples fl
naples fla
nappanee in
naragansett ri
narberth pa
narbeth pa
narragansett ri
narragensett ri
nashua
nashville
nashville dallas
nashville in tc steele rd nashville
nashville tenn
nashville tenn southern pub assn
nashville tn
natchez miss
natick ma
natick mass
national aeronauticsspace administration
national city califas
national museum of american art
national museum of the american indian smithsonian institution
national technical information service
ne york
needham heights ma
needham heights mass
neosho mo skyline dr neosho
neptune city nj
nevada city ca
new bedford ma
new berlin wi regal drive new berlin
new britain conn
new britain ct
new brunswick
new brunswick nj
new brunswick nj usa
new brunswick usa
new canaan conn
new castle de
new castle del
new castle nh
new delhi
new hampshire
new haven
new haven benjamin william noyes
new haven conn
new haven connecticut
new haven ct
new haven pub by the yale university press
new haven yale university press
new haven yale university southeast asia studies
new iberia la
new jersey
new lebanon ny
new london
new london conn
new milford conn
new milford ct
new orleans
new orleans b m norman
new orleans la
new orleans louisiana
new paltz ny
new rochelle
new rochelle ny
new yor
new yori
new york
new york american federation of arts
new york b springer
new york berlin
new york book trade distribution by simonschuster
new york c s francis co
new york c t dillingham
new york chicago
new york cincinnati
new york city
new york city new york
new york city ny
new york collins bro
new york ct dillingham
new york d appleton co
new york d van nostrand company
new york distributed by columbia university press
new york distributed by the talman co
new york dodd
new york dunigan brother
new york dutton
new york e th st apt new york
new york eaton mains
new york etec
new york exclusive distributor halsted press
new york f aprseger
new york g c h carvill
new york g c h carvilletc
new york g p putnams sons
new york gc h carvill
new york graphic society
new york h holtcompany
new york harcourt brace
new york houghton
new york houghton mifflin company
new york hunter college of the city university of new york
new york j wiley sons
new york j wiley sons inc
new york john wiley
new york johnson reprint corp
new york los angeles
new york los angeles s french
new york maxwell macmillan
new york n y
new york national bureau of economic research
new york nd
new york new york
new york ny
new york ny distributed by talman co
new york ny distributed by the talman co
new york ny e st new york
new york ny e th st new york
new york ny east th st new york
new york ny federal plaza new york ny
new york ny j p didier distributor
new york ny los angeles calif
new york ny park ave south new york
new york ny usa
new york oxford university press american branch
new york po box linden hill station new york
new york st martins press
new york the industrial press
new york the macmillan company
new york u s a
new york usa
new york west d st
new york west twentythird st
new yorkbthe macmillan company
new yorkchicago
new yorkd
new yorkd c
new yorkdc
new yorkdc heath co
new yorketc
new yorkhoughton mifflincompany
new yorkleipzig
new yorklongmans greenco
new yorkny
newark
newark de
newark de fremont rd newark
newark de yeatmans mill rd newark
newark del
newark deleware
newark n j
newark n y
newark nj
newark o
newarknj
newburgh ny
newbury park
newbury park ca
newbury park calif
newburyport
newburyport mass
newcastle calif
newport ark
newport beach ca
newport beach ca newport center drive suite newport beach
newport beach calif
newport ky
newport news va
newport ri
newport tn
newton abbot
newton center mass
newton corner ma
newton kan
newton ma
newton mass
newton pa
newtonville mass
newtown pa
neww york
newwark del
newyork
niagara falls ny
niu iork
niu ork
niuiork
niuork
niuork ssha
niwot co
niwot colo
niwot colorado po box
nn arbor mich
noel mo rt box a noel
nor jugha
norcross ga
norfolk conn
norfolk ct
norfolk va
norma
normal
normal il
normal ill
norman
norman ok
norman okla
north adams mass
north andover mass
north augusta sc
north branch minn
north branch mn
north chicago
north clarendon vt
north easton mass
north guilford ct
north haledon nj
north haledon nj mary st north haledon
north highlands ca
north highlands ca po box north highlands
north newton kan
north plainfield nj
north pomfret vermont
north pomfret vt
north sandwich nh co je upson north sandwich
north tarrytown ny
northampton ma
northampton ma usa
northampton mass
northampton va
northamptonmass
northfield il riverside dr northfield
northfield minn
northhampton ma
northhampton ma usa
northhampton mass
northholland
northport
northport ny
northridge calif
northvale nj
norton mass
norwalk ca
norwalk conn
norwalk ct
norwell ma
norwell ma usa
norwell mass
norwell mass usa
norwich ny
norwich vt
norwich vt usa
norwood ma
norwood mass
norwood nj
norwood pa
notre dame
notre dame in
notre dame ind
notre dame ind usa
notre dame indiana
notredame ind
novato calif
nueva york
nutley nj
nw york
ny
ny new york ny
ny ny
ny usa
nyack ny
nyu yor
nyuyor
o xford
oak brook il
oak brook ill
oak park
oak park il
oak park ill
oak ridge tenn
oak ridge tn
oakbrook terrace ill
oakland
oakland ca
oakland ca usa
oakland cal
oakland calif
oakville
oakville ct
oberlin
oberlin ohio
ocean city md
ocean nj
ocean township nj
oceanside calif
oceanside california
offutt afb ne
offutt air force base neb
oglethorpe ga
ohio
ohio usa
okemos mi
okemos mich
oklahoma
oklahoma city
oklahoma city ok
oklahoma city okla
old saybrook ct
old westbury ny
oldcastle ireland
olney md
olympia
olympia wa
omaha
omaha ne
omaha neb
omaha nebraska
onancock va
oneonta ny
ontario california printed by heraldsilhouettes press
ontario canada
ontonagon mich
oradell nj
orange conn
orange nj
orange tx
orchard park ny
orefino idaho
orlando
orlando fl
orlando fla
orono maine
orono me
osceola wis
oskaloosa ia
ossining ny
othello wa
ottawa il
ottawa ill
overland park ks
overland park ks orders to dr davis
owensboro ky
owings mills md
oxford miss
oxford ms
oxford ohio
ozark mo
pa
pablo mont
pablo mt
pacific grove ca
pacific grove calif
pacolet sc
padadena calif
painesville ohio icaot
palacios tex cr e bayshore dr palacios
palestine tx
palisades ny
palm springs ca
palm springs calif
palo alto
palo alto ca
palo alto calif
paloalto
palos heights ill
palos verdes estates paseo del sol palos verdes estates
palto alto calif
panama city fl
panorama city ca
paragould ar
paramus nj
paris ky
park calif
park ridge nj
parkesburg pa
parkville
parlin nj
parma mich
parsons w va
pasadena
pasadena ca
pasadena calif
pasadena md
passaic nj
paterson nj
paullina ia
peabody mass
peachland nc
pearl river ny
peekskill ny
pelham manor ny
pelham ny
penang malaysia
pendleton
pendleton or
penland nc
pennington nj
pennsylvania
pensacola fl
pensacola fl high springs rd pensacola
pensacola fla
peoria az
peoria ill
perkasie pa schwenkmill rd perkasie pa
perryville mo
peterborough nh
petersburg ny
petersham mass
peterson air force base colo
petoskey mich
petrograd
petrolia ca
petrolia calif
phialadelphia
phil
phila
philadelpha pa
philadelphia
philadelphia pa
philadelphia pa usa
philadelphia penn
philadelphia penn science center philadelphia
philadelphia penna
philadelphia printed
philadelphia usa
philadelphiae
philadelphic pa
philadeophia
philadephia
philaelphia
phildelphia
phildelphia pa
philip sd
phoenix
phoenix ariz
phoenix md redcoat ln phoenix
photocopy cleveland
pica press
pierre
pierre sd
pierre south dakota
pinceton n j
pinehurst nc midland dr midland country club pinehurst
pineville la po box pineville
pisburg pa
piscataway
piscataway new jersey
piscataway nj
piscataway nj usa
pismo beach ca
pitman pa ridge rd pitman
pittsburg
pittsburg pa
pittsburgh
pittsburgh pa
pittsburgh pa bigelow blvd pittsburgh
pittsburgh pa laurel ave pittsburgh
pittsburgh pa supt of docs distributor
pittsburgh penn
pittsburgh penna
pittsfield ma
pittsford ny
pittstown nj
placentia ca
placitas nm
plainfield n j
plainfield nj
pleasant hill ca wendy dr pleasant hill
pleasant hill calif
pleasant hills ca
pleasantville ny
plover wi brookhaven way plover
pluribus press
plymouth mass
plymouth mich
point reyes calif
pomona calif
pompano beach fl
pompton plains nj
port angeles wash
port byron ill
port charlotte fl
port charlotte fl ivy street port charlotte
port charlotte fla
port hueneme calif
port huron mich
port orange fl grassy ridge port orange
port st lucie fl
port st lucie fl se degan port st lucie
port townsend
port townsend wash
port washington
port washington n y
port washington ny
port washington ny locust ave port washington
port washington wis
portland
portland maine
portland me
portland or
portland or usa
portland ore
portland oregon
portland oregon the jk gill company
portsmout nh
portsmouth nh
portsmouth nh market st portsmouth
portsmouth va
post mills vt
potomac
potomac md
pottstown pa
pottsville pa
poughkeepsie
poughkeepsie ny
poultney vt
poway ca
powell ohio
pownal vt
prichard w va
princeton
princeton jct nj
princeton n j
princeton nj
princeton nj robert wood johnson foundation
princeton princeton university press
princeton university press
princeton wi
princeton wv
princton nj
prospect ct
providence
providence r i
providence rhode island
providence ri
provo ut
provo utah
published by james eastburncompany at the literary rooms corner of broadway and pine street n york
pueblo colo
pullman
pullman mich
pullman wash
punaluu honolulu hawaii
punta gorda fla
purchase ny
queens village ny
queensborough ny
queenstown maryland
queenstown md
quezon city philippines
quincy il south th quincy
quincy ill
racine wis
radnor pa
rahway n j
rahway nj
raleigh
raleigh n c
raleigh nc
raleigh o h
ramsey nj
rancho cordova ca
randolph air force base tex
rapid city sd
rapidan va midbrook farms cedar mountain dr rapidan
ravenna ne
rayne la
reading ma
reading mass
reading pa
redding ca holeinone dr space redding
redlands calif
redmond wa
redmond wash
redway ca
redwood city calif
reidsville nc
reno
reno nev
reno nevada
reno nv
reprinted cincinnati o
research triangle park nc
reston va
revere pa
richardson tex
richardson tx
richmond
richmond calif
richmond heights ohio congress of secular jewish organizations
richmond ind
richmond ky
richmond tx
richmond va
ridgefield conn
ridgewood n j
ridgewood nj
rifton ny
rineyville ky
rio grande ohio
rio piedras pr
river edge nj
river forest ill
riverdale md
riverdale ny
riverdaleonhudson ny
riverside
riverside ca
riverside calif
riverside nj
ro piedras pr
roanoke va
rochester
rochester hills mich
rochester mich
rochester n y
rochester new york
rochester nh
rochester ny
rochester vt
rochestor
rock hill sc
rockford ill
rockland mass
rockland me
rocklin calif
rockport mass
rockport mass usa
rockport massachusetts
rockport me
rockville
rockville md
rockville md fisher lane rockville md
rockville md fishers lane rockville
rockville md fishers lane rockville md
rockville md po box rockville
rockville md po box rockville md
rocky flats colo
rocky hill ct
rolla mo
rosemont ill
rostov nd
roswell ga
roswell ga po box roswell
rotunda west fl
rumford falls me
russlyn va
rutgers
rutherford
rutherford n j
rutherford nj
rutherford pa
rutland vermont
rutland vt
s peterburg
sacramento
sacramento ca
sacramento ca hyannis way sacramento
sacramento ca th st sacramento
sacramento calif
sagaponack ny
saginaw mi
saginaw mich
saginaw mich e holland ave saginaw
saint cloud minn
saint joseph mo
saint louis
saint louis mo
saint paul
saint paul minn
saint paul mn
saint paul mn holly ave saint paul
saintantoine de new bedford mass
sakisbury md
salem
salem ma
salem mass
salem or
salina kan
salisbury nc
salt lake city
salt lake city ut
salt lake city utah
san angelo tx
san anselmo ca
san antonio
san antonio tex
san antonio tex in association with the san antonio museum of art
san antonio texas
san antonio tx
san antonio tx campden cir san antonio
san bernardino ca
san bernardino calif
san diego
san diego ca
san diego ca old cliffs rd san diego
san diego calf
san diego calif
san diego calif usa
san diego california
san francisco
san francisco bay area
san francisco ca
san francisco cal
san francisco calif
san francisco calif california historical society
san francisco calif city lights
san francisco calif usa
san francisco california
san francisco distr by city lights books
san franciso calif
san fransicso
san fransisco cal
san jos
san jos calif
san jos costa rica
san jose
san jose ca
san jose ca oak knoll dr san jose
san jose ca paseo pueblo dr san jose
san jose calif
san juan de puerto rico
san juan pr
san lorenzo ca
san luis obispo
san luis obispo calif
san marino calif
san mateo ca
san pedro ca
san pedro calif
san rafael ca
san ramon ca
sandusky oh
sandusky ohio scottley dr sandusky
sanibel fla
santa ana ca
santa ana ca n spurgeon santa ana
santa ana calif
santa barbara
santa barbara ca
santa barbara calif
santa barbara california
santa clara
santa clara calif
santa clara calif santa clara university
santa clarita calif
santa cruz
santa cruz ca
santa cruz calif
santa fe
santa fe n m
santa fe new mexico
santa fe nm
santa fe springs cal
santa monica
santa monica ca
santa monica calif
santa rosa beach fl
santa rosa ca oakmont drive santa rosa
santa rosa calif
santa rosa tex
sante fe nm
santee calif
sarasota fl
sarasota fla
saratoga ny
saratoga spring n y
saratoga springs
saratoga springs ny
saugatuck conn
sault ste marie mich
sausalito ca
savage md
savannah
savannah ga
scarborough me
scarsdale ny
schaumburg ill
schenectady ny
school of architecture university of maryland
schoolcraft mich
schuylkill haven pa
scituate ma lawson rd scituate
scott afb il
scott ny
scottdale pa
scottsdale ariz
scottsdale az
scottsdale pa
scranton
scranton nj
scranton pa
seatle wash
seattle
seattle distributed by the university of washington press
seattle wa
seattle wash
seattle wash usa
seattle wash usa sand point way ne seattle
seattlewa
sebastopol ca
sebastopol calif
sebring fl
sebring fl katcalani ave sebring
secaucus nj
selingrove pa
selingsgrove
selingsgrove pa
selinsgrove
selinsgrove nj
selinsgrove pa
selinsgrove penn
sellinsgrove sic pa
seminole fl th ave north seminole
sepulveda calif
setauket ny po box setauket
severna park md
severna park md tunstall ct severna park
sevierville tenn
sf
shaker village nh
shakers ny
sharon mass
sharon mass usa
shawnee ks
shawnee mission ks
shawnee ok rte box shawnee
shepherdstown
shepherdstown wv rte box shepherdstown
shingle springs ca
shingletown ca
shippensburg pa
short hills nj
shreveport la slattery blvd shreveport
silver spring md
silver spring md eastwest highway room silver spring
silver spring md po box silver spring
silver spring md spring st suite silver spring
silver spring md spring street suite silver spring
silver spring spring st silver spring
sioux city ia
sioux city iowa
sioux falls sd
siver spring md
skaneateles ny
skokie ill
sl college of williammary press
smart museum of art university of chicago
smithfield nc
smyrna ga
snellville ga
so hadley mass
so portland me
solana beach ca
solano beach calif
solomon r guggenheim museum
solomons md
somerset nj
somerville mass
somerville nj
south bend ind
south braintree ma
south brunswick nj
south deerfield mass
south hadley mass
south holland il
south holland ill
south pasadena ca
south royalton vt
south woodstock vt ee uu
south yarmouth ma
southampton ny
southampton pa
southfield mi
southfield mich
southlake tx rainforest ct southlake
southport conn
sparks md quail creek way sparks
sparta nj grove terr sparta
spartanburg sc
spencer ma
spencer mass
speterburg
spokane wash
sprinfield va national technical information service distributor
spring hill fl shafton rd spring hill
spring tex oakhurst drive spring
spring tx
spring valley n y
spring valley ny
springbrook wis
springdale ut
springfield
springfield ill
springfield mass
springfield mo
springfield mo s weller springfield
springfield va
springfield va available from national tech information service
springfield va available from national technical information service
springfield va available from the national technical information service
springfield va available to the public through national technical information service
springfield va distributed by national technical information service
springfield va for public sale by us department of commerce national technical information service
springfield va for sale by the national technical information service
springfield va port royal rd springfield
springfield va port royal rd springfield va
springfield vir
springfield virg
springfield virginia
springfield vt
springfieldva
springfiled va
st albans w va
st augustine fla
st bonaventure ny
st clair shores mich
st clairsville ohio
st cloud mn
st davids pa
st helena calif
st james minn
st joseph mich
st lewis
st louis
st louis miss
st louis mo
st meinrad ind
st michael barbados
st paul
st paul consortium book salesdistribution
st paul minn
st paul mn
st paul mn distributor consortium book sales distribution
st peter minn
st petersburg fl
st petersburg fl po box st petersburg
st petersburg fla
stafford va po box stafford
stamford conn
stamford ct
standford university calif
stanford
stanford ca
stanford calif
stanford calif published in cooperation with hoover institution
stanford university cal
stanford university calfornia
stanford university calif
stanton ky
stanwood wash
starkville ms
state college nm
state college pa
staten island ny
staunton va
steilacoom wa puget dr steilacoom
steinbach mb box steinbach roa ao
sterling heights mi
sterling va
stevens point wi trade winds publications distributor
stevens point wis
stillwater
stillwater mn
stillwater okla
stlouis
stockbridge mass
stockton cal
stockton calif
stone mountain ga
stoneham ma
stony brook ny
stony creek conn
storrs ct
straban pa
strassburg va
stratford conn
stroudsburg pa
stroudsburg penn
stuart fl sw riverdale st stuart
studio city calif
sturbridge mass
sublette ill
sudbury ma
sudbury mass
summertown tn
summerville sc
summit nj
summit pa
sumter sc
sun city center fla
sunderland mass
sunnyside
sunnyvale calif
supt of docs us gpo distributor
surprise az n pima trail surprise
sutter creek calif
suwanee ga ansley way suwanee
swannanoa nc
swarthmore pa
sweetwater tn
sykesville md
syosset ny
syracuse
syracuse ny
syracuse ny arnold ave syracuse
tacoma
tacoma wa
tacoma wash
tacoma washington
tahlequah okla
takoma park md
takoma park washington d c
talahassee fla
tallahassee
tallahassee fl
tallahassee fla
tallman ny
tampa fla
taos
tarrytown
tarrytown ny
tarrytown ny usa
taunton
taunton mass
tavares fl
tawas city mich
teaneck nj
teaticket ma po box teaticket
telford pa
tempe
tempe ariz
tempe az
tenafly nj
tenafly nj usa
terre haute ind
terry miss
texarkana arktex
the bronx ny
the hague
thorofare nj
thousand oaks
thousand oaks ca
thousand oaks calif
thousand oaks california
tiffin oh
timonium md
tinley park il
titusville fl thal road titusville
toledo o
toledo oh southview dr toledo
toledo ohio
toms river nj
toms river nj leone road toms river
tonawanda new york
tonawanda ny
topeka
torrance calif
totowa nj
town hall windsor conn
towson md
trappist ky
travelers rest sc
traverse city
traverse city mi
traverse city mich
trego wis
trenton
trenton new jersey
trenton nj
trenton ohio
tribeca
trinidad calif
troutdale or
troy
troy mich
troy n y
troy ny
troy oh
trumansburg ny
trumbull ct
tucson
tucson ariz
tucson ariz usa
tucson az
tulas okla
tulsa
tulsa ok
tulsa ok orders to cj skelly
tulsa okl
tulsa okla
tulsa okla usa
tuscaloosa
tuscaloosa ala
twayne publishers
twin falls id
tyler tx
tylerville conn
uiversity park
ukiah ca
ukiah calif
union city ohio
uniontown pa
united states
united states air force academy colo
universiah alabamah artsot haberit
university ala
university cal
university calif
university center mich
university of california press
university park
university park pa
university park penn
university press
upland ca coolcrest ave upland
upland ind
upper darby pa
upper montclair nj
upper saddle river nj
uppsala
upton ny
urbana
urbana iii
urbana il
urbana ill
urbana illinois
urbanachampaign
us
us army center of military history
us dept of commerce national oceanicatmospheric administration national earth satellite service
us dept of transportation office of economics
us govt print off
us gpo
usa
utica
utica ky
utica ny
valhalla ny
vallejo ca mesa verde st vallejo
valley city nd
valley forge pa
valley stream ny
vallonia in
valparaiso ind
van nuys ca
van nuys calif
vashington
vedersfild conn
venice ca
venice calif
venice fl apalachicola rd venice
venice fl coral bean cove venice
vermillion sd
vermont
vermont calif
vernon tex
vero beach fla
vestal ny
vicksburg miss
victoria kansas usa
vienna va
villa hills ky niewahner dr villa hills
villanova pa
vincentown nj
virginia
virginia beach va
virginia beach va daisy crescent virginia beach
virginia beach va violet bank dr virginia beach
w bethesda md
w bloomfield mich
w brigewater mass
waco tex
wadsworth ohio
wahington
wainscott ny
wake forest nc
wakefield nh
wakefield ri
walker
walla walla washington
walled lake mi
walnut creek ca
walnut creek calif
walpole mass
walsenburg colo
waltham ma
waltham mass
wappingers falls ny
war wv po box war
warren conn
warren ohio
warrendale pa
warrenton va
warsaw ind
wash
washginton
washignton
washingon
washington
washington b nuclear regulatory commission office of standards development division of engineering standards
washington b the commission
washington bc
washington brookings institution press distributor
washington cathedral ave nw washington
washington d
washington d c
washington d c dept of transportation federal aviation administration systems research development service
washington division of risk analysis office of nuclear regulatory research us nuclear regulatory commission
washington for sale by the supt of docs us govt print off
washington for sale by the supt of docs us gpo
washington ie fairfax va
washington nc w fifth st washington
washington p street nw suite washington
washington pa
washington published in association with the united states holocaust memorial museum
washington supt of docs us gpo distributor
washington th st nw suite washington
washington th st sw rm washington
washington th st sw washington
washington th street nw washington
washington us
washington wapakoneta rd washington
washington world bank
washingtonei forrestal building washington
washingtonusa
washingtoon
washngton
wasington
waterford ct trumbull rd waterford
waterloo ia
watertown ny
watertown ny sunset ridge watertown
watsonville calif
wauconda ill
waukesha wi
wausau wisc
wayne county mich
wayne mich
wayne nj
waynesburg pa
waynesville nc
weatherby lake mo
weatherford ok
webster groves mo
weinert tex
weirs nh
wellesley ma overbrooks dr wellesley
wellesley mass
wellfleet ma
wellfleet mass
west chester pa
west des moines iowa
west hartford conn
west hartford ct
west harwich mass
west haven ct
west hurley ny
west lafayette ind
west nyack ny
west orange nj
west palm beach fla
west point ny
west port conn
west stockbridge ma
west stockbridge mass
west valley city utah
western springs il
westernport md
westerville oh
westerville ohio
westfield ind
westfield mass
westfield ny
westford ma
westlake village ca
westminster md
westminster md old new windsor pike westminster md
westminster md old washington rd westminster
weston mass
westport
westport conn
westport ct
wethersfield ct
wetumpka ala
wheaton ill
white bluff tn
white hall va
white oak md
white plains n y
white plains ny
white river junction vt
white salmon wash
whitehouse station nj
whiteville nc
whittier calif
whittlesey house
wichita
wichita falls tex
wichita falls tex victory ave wichita falls
wichita falls tx
wilberforce o
wilberforce ohio
wildwood mo
wilkesbarre pa
willamantic ct
williamsburg
williamsburg pa
williamsburg va
williamsburg va river reach williamsburg
williamsburg va waller mill rd williamsburg
williamsport pa
williamstown ma
williamstown mass
williamsville ny usa
willimantic conn
willimantic ct
williston vt
willits calif
wilmette il
wilmington
wilmington de
wilmington del
wilmore ky
wilton conn
wilton ct
winchendon ma
winchester mass
windham conn
winfield kan
winona lake in
winona lake ind
winona lake indiana
winona mn
winstonsalem
winstonsalem nc
winterthur del
wisconsin
wisconsin rapids wi
woburn mass
wolfeboro falls nh
wolfeboro nh
woodbine ga rt box c woodbine
woodbridge
woodbridge conn
woodbridge suffolk
woodbridge va
woodbridge va starling ct woodbridge
woodbury ct
woodbury ny
woodinville wa
woodland hills calif
woodlands tex
woodlands texas
woodrow wilson center press
woodruff sc old orchard rd woodruff
woods hole ma
woods hole mass
woodstock
woodstock conn
woodstock il
woodstock ny
woodstock vt
worcester mass
worchester mass
wormsloe ga
worthington ohio
wrightpatterson air force base ohio
wshington
wyandotte ok
yale university press
yardley penn
yarmouth me
yazoo city ms wildwood ter yazoo city
yellow springs o
yellowstone national park wyoming
yellowstone park wy
yo semite valley
yonkers ny
yonkers ny trevor parkonhudson
yonkers on hudson n y
yonkersonhudson
yonkersonhudson n y
yonkersonhudson ny
yorba linda calif
york pa
ypsilanti mich
zamora mich
